STRUCTURE,STRUCTURE_ID,STRUCTURE_NAME,ACTION,REF_AREA,Reference area,MEASURE,Measure,UNIT_MEASURE,Unit of measure,AGE,Age,SEX,Sex,EDUCATION_LEV,Education level,DOMAIN,Domain,TIME_PERIOD,Time period,OBS_VALUE,Observation value,OBS_STATUS,Observation status,UNIT_MULT,Unit multiplier,DECIMALS,Decimals,BASE_PER,Base period
DATAFLOW,OECD.WISE.WDP:DSD_HSL@DF_HSL_FWB(1.1),Future well-being,I,CHL,Chile,14_3,Trust in government,PT_POP_Y_GE15,Percentage of population aged 15 years or over,_T,Total,_T,Total,_T,Total,HSL_14,Social capital,2006,,50.3716411886,,A,Normal value,0,Units,2,Two,,
DATAFLOW,OECD.WISE.WDP:DSD_HSL@DF_HSL_FWB(1.1),Future well-being,I,CHL,Chile,14_3,Trust in government,PT_POP_Y_GE15,Percentage of population aged 15 years or over,_T,Total,_T,Total,_T,Total,HSL_14,Social capital,2007,,50.3716411886,,A,Normal value,0,Units,2,Two,,
DATAFLOW,OECD.WISE.WDP:DSD_HSL@DF_HSL_FWB(1.1),Future well-being,I,CHL,Chile,14_3,Trust in government,PT_POP_Y_GE15,Percentage of population aged 15 years or over,_T,Total,_T,Total,_T,Total,HSL_14,Social capital,2008,,48.6414122471,,A,Normal value,0,Units,2,Two,,
DATAFLOW,OECD.WISE.WDP:DSD_HSL@DF_HSL_FWB(1.1),Future well-being,I,CHL,Chile,14_3,Trust in government,PT_POP_Y_GE15,Percentage of population aged 15 years or over,_T,Total,_T,Total,_T,Total,HSL_14,Social capital,2009,,48.6414122471,,A,Normal value,0,Units,2,Two,,
DATAFLOW,OECD.WISE.WDP:DSD_HSL@DF_HSL_FWB(1.1),Future well-being,I,CHL,Chile,14_3,Trust in government,PT_POP_Y_GE15,Percentage of population aged 15 years or over,_T,Total,_T,Total,_T,Total,HSL_14,Social capital,2010,,48.6414122471,,A,Normal value,0,Units,2,Two,,
DATAFLOW,OECD.WISE.WDP:DSD_HSL@DF_HSL_FWB(1.1),Future well-being,I,CHL,Chile,14_3,Trust in government,PT_POP_Y_GE15,Percentage of population aged 15 years or over,_T,Total,_T,Total,_T,Total,HSL_14,Social capital,2011,,32.4467876417,,A,Normal value,0,Units,2,Two,,
DATAFLOW,OECD.WISE.WDP:DSD_HSL@DF_HSL_FWB(1.1),Future well-being,I,CHL,Chile,14_3,Trust in government,PT_POP_Y_GE15,Percentage of population aged 15 years or over,_T,Total,_T,Total,_T,Total,HSL_14,Social capital,2012,,32.4467876417,,A,Normal value,0,Units,2,Two,,
DATAFLOW,OECD.WISE.WDP:DSD_HSL@DF_HSL_FWB(1.1),Future well-being,I,CHL,Chile,14_3,Trust in government,PT_POP_Y_GE15,Percentage of population aged 15 years or over,_T,Total,_T,Total,_T,Total,HSL_14,Social capital,2013,,32.4467876417,,A,Normal value,0,Units,2,Two,,
DATAFLOW,OECD.WISE.WDP:DSD_HSL@DF_HSL_FWB(1.1),Future well-being,I,CHL,Chile,14_3,Trust in government,PT_POP_Y_GE15,Percentage of population aged 15 years or over,_T,Total,_T,Total,_T,Total,HSL_14,Social capital,2014,,30.118713669,,A,Normal value,0,Units,2,Two,,
DATAFLOW,OECD.WISE.WDP:DSD_HSL@DF_HSL_FWB(1.1),Future well-being,I,CHL,Chile,14_3,Trust in government,PT_POP_Y_GE15,Percentage of population aged 15 years or over,_T,Total,_T,Total,_T,Total,HSL_14,Social capital,2015,,30.118713669,,A,Normal value,0,Units,2,Two,,
DATAFLOW,OECD.WISE.WDP:DSD_HSL@DF_HSL_FWB(1.1),Future well-being,I,CHL,Chile,14_3,Trust in government,PT_POP_Y_GE15,Percentage of population aged 15 years or over,_T,Total,_T,Total,_T,Total,HSL_14,Social capital,2016,,30.118713669,,A,Normal value,0,Units,2,Two,,
DATAFLOW,OECD.WISE.WDP:DSD_HSL@DF_HSL_FWB(1.1),Future well-being,I,CHL,Chile,14_3,Trust in government,PT_POP_Y_GE15,Percentage of population aged 15 years or over,_T,Total,_T,Total,_T,Total,HSL_14,Social capital,2017,,25.1850311329,,A,Normal value,0,Units,2,Two,,
DATAFLOW,OECD.WISE.WDP:DSD_HSL@DF_HSL_FWB(1.1),Future well-being,I,CHL,Chile,14_3,Trust in government,PT_POP_Y_GE15,Percentage of population aged 15 years or over,_T,Total,_T,Total,_T,Total,HSL_14,Social capital,2018,,25.1850311329,,A,Normal value,0,Units,2,Two,,
DATAFLOW,OECD.WISE.WDP:DSD_HSL@DF_HSL_FWB(1.1),Future well-being,I,CHL,Chile,14_3,Trust in government,PT_POP_Y_GE15,Percentage of population aged 15 years or over,_T,Total,_T,Total,_T,Total,HSL_14,Social capital,2019,,25.1850311329,,A,Normal value,0,Units,2,Two,,
DATAFLOW,OECD.WISE.WDP:DSD_HSL@DF_HSL_FWB(1.1),Future well-being,I,DNK,Denmark,14_3,Trust in government,PT_POP_Y_GE15,Percentage of population aged 15 years or over,_T,Total,_T,Total,_T,Total,HSL_14,Social capital,2006,,63.059463504,,A,Normal value,0,Units,2,Two,,
DATAFLOW,OECD.WISE.WDP:DSD_HSL@DF_HSL_FWB(1.1),Future well-being,I,DNK,Denmark,14_3,Trust in government,PT_POP_Y_GE15,Percentage of population aged 15 years or over,_T,Total,_T,Total,_T,Total,HSL_14,Social capital,2007,,63.059463504,,A,Normal value,0,Units,2,Two,,
DATAFLOW,OECD.WISE.WDP:DSD_HSL@DF_HSL_FWB(1.1),Future well-being,I,DNK,Denmark,14_3,Trust in government,PT_POP_Y_GE15,Percentage of population aged 15 years or over,_T,Total,_T,Total,_T,Total,HSL_14,Social capital,2008,,62.6400491161,,A,Normal value,0,Units,2,Two,,
DATAFLOW,OECD.WISE.WDP:DSD_HSL@DF_HSL_FWB(1.1),Future well-being,I,DNK,Denmark,14_3,Trust in government,PT_POP_Y_GE15,Percentage of population aged 15 years or over,_T,Total,_T,Total,_T,Total,HSL_14,Social capital,2009,,62.6400491161,,A,Normal value,0,Units,2,Two,,
DATAFLOW,OECD.WISE.WDP:DSD_HSL@DF_HSL_FWB(1.1),Future well-being,I,DNK,Denmark,14_3,Trust in government,PT_POP_Y_GE15,Percentage of population aged 15 years or over,_T,Total,_T,Total,_T,Total,HSL_14,Social capital,2010,,62.6400491161,,A,Normal value,0,Units,2,Two,,
DATAFLOW,OECD.WISE.WDP:DSD_HSL@DF_HSL_FWB(1.1),Future well-being,I,DNK,Denmark,14_3,Trust in government,PT_POP_Y_GE15,Percentage of population aged 15 years or over,_T,Total,_T,Total,_T,Total,HSL_14,Social capital,2011,,46.5827075118,,A,Normal value,0,Units,2,Two,,
DATAFLOW,OECD.WISE.WDP:DSD_HSL@DF_HSL_FWB(1.1),Future well-being,I,DNK,Denmark,14_3,Trust in government,PT_POP_Y_GE15,Percentage of population aged 15 years or over,_T,Total,_T,Total,_T,Total,HSL_14,Social capital,2012,,46.5827075118,,A,Normal value,0,Units,2,Two,,
DATAFLOW,OECD.WISE.WDP:DSD_HSL@DF_HSL_FWB(1.1),Future well-being,I,DNK,Denmark,14_3,Trust in government,PT_POP_Y_GE15,Percentage of population aged 15 years or over,_T,Total,_T,Total,_T,Total,HSL_14,Social capital,2013,,46.5827075118,,A,Normal value,0,Units,2,Two,,
DATAFLOW,OECD.WISE.WDP:DSD_HSL@DF_HSL_FWB(1.1),Future well-being,I,DNK,Denmark,14_3,Trust in government,PT_POP_Y_GE15,Percentage of population aged 15 years or over,_T,Total,_T,Total,_T,Total,HSL_14,Social capital,2014,,50.1795418978,,A,Normal value,0,Units,2,Two,,
DATAFLOW,OECD.WISE.WDP:DSD_HSL@DF_HSL_FWB(1.1),Future well-being,I,DNK,Denmark,14_3,Trust in government,PT_POP_Y_GE15,Percentage of population aged 15 years or over,_T,Total,_T,Total,_T,Total,HSL_14,Social capital,2015,,50.1795418978,,A,Normal value,0,Units,2,Two,,
DATAFLOW,OECD.WISE.WDP:DSD_HSL@DF_HSL_FWB(1.1),Future well-being,I,DNK,Denmark,14_3,Trust in government,PT_POP_Y_GE15,Percentage of population aged 15 years or over,_T,Total,_T,Total,_T,Total,HSL_14,Social capital,2016,,50.1795418978,,A,Normal value,0,Units,2,Two,,
DATAFLOW,OECD.WISE.WDP:DSD_HSL@DF_HSL_FWB(1.1),Future well-being,I,DNK,Denmark,14_3,Trust in government,PT_POP_Y_GE15,Percentage of population aged 15 years or over,_T,Total,_T,Total,_T,Total,HSL_14,Social capital,2017,,61.2610268808,,A,Normal value,0,Units,2,Two,,
DATAFLOW,OECD.WISE.WDP:DSD_HSL@DF_HSL_FWB(1.1),Future well-being,I,DNK,Denmark,14_3,Trust in government,PT_POP_Y_GE15,Percentage of population aged 15 years or over,_T,Total,_T,Total,_T,Total,HSL_14,Social capital,2018,,61.2610268808,,A,Normal value,0,Units,2,Two,,
DATAFLOW,OECD.WISE.WDP:DSD_HSL@DF_HSL_FWB(1.1),Future well-being,I,DNK,Denmark,14_3,Trust in government,PT_POP_Y_GE15,Percentage of population aged 15 years or over,_T,Total,_T,Total,_T,Total,HSL_14,Social capital,2019,,61.2610268808,,A,Normal value,0,Units,2,Two,,
DATAFLOW,OECD.WISE.WDP:DSD_HSL@DF_HSL_FWB(1.1),Future well-being,I,FIN,Finland,14_3,Trust in government,PT_POP_Y_GE15,Percentage of population aged 15 years or over,_T,Total,_T,Total,_T,Total,HSL_14,Social capital,2006,,75.7926285586,,A,Normal value,0,Units,2,Two,,
DATAFLOW,OECD.WISE.WDP:DSD_HSL@DF_HSL_FWB(1.1),Future well-being,I,FIN,Finland,14_3,Trust in government,PT_POP_Y_GE15,Percentage of population aged 15 years or over,_T,Total,_T,Total,_T,Total,HSL_14,Social capital,2008,,59.2543537364,,A,Normal value,0,Units,2,Two,,
DATAFLOW,OECD.WISE.WDP:DSD_HSL@DF_HSL_FWB(1.1),Future well-being,I,FIN,Finland,14_3,Trust in government,PT_POP_Y_GE15,Percentage of population aged 15 years or over,_T,Total,_T,Total,_T,Total,HSL_14,Social capital,2010,,59.2543537364,,A,Normal value,0,Units,2,Two,,
DATAFLOW,OECD.WISE.WDP:DSD_HSL@DF_HSL_FWB(1.1),Future well-being,I,FIN,Finland,14_3,Trust in government,PT_POP_Y_GE15,Percentage of population aged 15 years or over,_T,Total,_T,Total,_T,Total,HSL_14,Social capital,2011,,52.7979240786,,A,Normal value,0,Units,2,Two,,
DATAFLOW,OECD.WISE.WDP:DSD_HSL@DF_HSL_FWB(1.1),Future well-being,I,FIN,Finland,14_3,Trust in government,PT_POP_Y_GE15,Percentage of population aged 15 years or over,_T,Total,_T,Total,_T,Total,HSL_14,Social capital,2012,,52.7979240786,,A,Normal value,0,Units,2,Two,,
DATAFLOW,OECD.WISE.WDP:DSD_HSL@DF_HSL_FWB(1.1),Future well-being,I,FIN,Finland,14_3,Trust in government,PT_POP_Y_GE15,Percentage of population aged 15 years or over,_T,Total,_T,Total,_T,Total,HSL_14,Social capital,2013,,52.7979240786,,A,Normal value,0,Units,2,Two,,
DATAFLOW,OECD.WISE.WDP:DSD_HSL@DF_HSL_FWB(1.1),Future well-being,I,FIN,Finland,14_3,Trust in government,PT_POP_Y_GE15,Percentage of population aged 15 years or over,_T,Total,_T,Total,_T,Total,HSL_14,Social capital,2014,,50.396213542,,A,Normal value,0,Units,2,Two,,
DATAFLOW,OECD.WISE.WDP:DSD_HSL@DF_HSL_FWB(1.1),Future well-being,I,FIN,Finland,14_3,Trust in government,PT_POP_Y_GE15,Percentage of population aged 15 years or over,_T,Total,_T,Total,_T,Total,HSL_14,Social capital,2015,,50.396213542,,A,Normal value,0,Units,2,Two,,
DATAFLOW,OECD.WISE.WDP:DSD_HSL@DF_HSL_FWB(1.1),Future well-being,I,FIN,Finland,14_3,Trust in government,PT_POP_Y_GE15,Percentage of population aged 15 years or over,_T,Total,_T,Total,_T,Total,HSL_14,Social capital,2016,,50.396213542,,A,Normal value,0,Units,2,Two,,
DATAFLOW,OECD.WISE.WDP:DSD_HSL@DF_HSL_FWB(1.1),Future well-being,I,FIN,Finland,14_3,Trust in government,PT_POP_Y_GE15,Percentage of population aged 15 years or over,_T,Total,_T,Total,_T,Total,HSL_14,Social capital,2017,,59.7276314339,,A,Normal value,0,Units,2,Two,,
DATAFLOW,OECD.WISE.WDP:DSD_HSL@DF_HSL_FWB(1.1),Future well-being,I,FIN,Finland,14_3,Trust in government,PT_POP_Y_GE15,Percentage of population aged 15 years or over,_T,Total,_T,Total,_T,Total,HSL_14,Social capital,2018,,59.7276314339,,A,Normal value,0,Units,2,Two,,
DATAFLOW,OECD.WISE.WDP:DSD_HSL@DF_HSL_FWB(1.1),Future well-being,I,FIN,Finland,14_3,Trust in government,PT_POP_Y_GE15,Percentage of population aged 15 years or over,_T,Total,_T,Total,_T,Total,HSL_14,Social capital,2019,,59.7276314339,,A,Normal value,0,Units,2,Two,,
DATAFLOW,OECD.WISE.WDP:DSD_HSL@DF_HSL_FWB(1.1),Future well-being,I,NOR,Norway,14_3,Trust in government,PT_POP_Y_GE15,Percentage of population aged 15 years or over,_T,Total,_T,Total,_T,Total,HSL_14,Social capital,2006,,68.2717221465,,A,Normal value,0,Units,2,Two,,
DATAFLOW,OECD.WISE.WDP:DSD_HSL@DF_HSL_FWB(1.1),Future well-being,I,NOR,Norway,14_3,Trust in government,PT_POP_Y_GE15,Percentage of population aged 15 years or over,_T,Total,_T,Total,_T,Total,HSL_14,Social capital,2008,,54.0760006445,,A,Normal value,0,Units,2,Two,,
DATAFLOW,OECD.WISE.WDP:DSD_HSL@DF_HSL_FWB(1.1),Future well-being,I,NOR,Norway,14_3,Trust in government,PT_POP_Y_GE15,Percentage of population aged 15 years or over,_T,Total,_T,Total,_T,Total,HSL_14,Social capital,2012,,66.3340505245,,A,Normal value,0,Units,2,Two,,
DATAFLOW,OECD.WISE.WDP:DSD_HSL@DF_HSL_FWB(1.1),Future well-being,I,NOR,Norway,14_3,Trust in government,PT_POP_Y_GE15,Percentage of population aged 15 years or over,_T,Total,_T,Total,_T,Total,HSL_14,Social capital,2014,,64.8069461322,,A,Normal value,0,Units,2,Two,,
DATAFLOW,OECD.WISE.WDP:DSD_HSL@DF_HSL_FWB(1.1),Future well-being,I,NOR,Norway,14_3,Trust in government,PT_POP_Y_GE15,Percentage of population aged 15 years or over,_T,Total,_T,Total,_T,Total,HSL_14,Social capital,2015,,64.8069461322,,A,Normal value,0,Units,2,Two,,
DATAFLOW,OECD.WISE.WDP:DSD_HSL@DF_HSL_FWB(1.1),Future well-being,I,NOR,Norway,14_3,Trust in government,PT_POP_Y_GE15,Percentage of population aged 15 years or over,_T,Total,_T,Total,_T,Total,HSL_14,Social capital,2016,,64.8069461322,,A,Normal value,0,Units,2,Two,,
DATAFLOW,OECD.WISE.WDP:DSD_HSL@DF_HSL_FWB(1.1),Future well-being,I,NOR,Norway,14_3,Trust in government,PT_POP_Y_GE15,Percentage of population aged 15 years or over,_T,Total,_T,Total,_T,Total,HSL_14,Social capital,2017,,66.4883254987,,A,Normal value,0,Units,2,Two,,
DATAFLOW,OECD.WISE.WDP:DSD_HSL@DF_HSL_FWB(1.1),Future well-being,I,NOR,Norway,14_3,Trust in government,PT_POP_Y_GE15,Percentage of population aged 15 years or over,_T,Total,_T,Total,_T,Total,HSL_14,Social capital,2018,,66.4883254987,,A,Normal value,0,Units,2,Two,,
DATAFLOW,OECD.WISE.WDP:DSD_HSL@DF_HSL_FWB(1.1),Future well-being,I,NOR,Norway,14_3,Trust in government,PT_POP_Y_GE15,Percentage of population aged 15 years or over,_T,Total,_T,Total,_T,Total,HSL_14,Social capital,2019,,66.4883254987,,A,Normal value,0,Units,2,Two,,
DATAFLOW,OECD.WISE.WDP:DSD_HSL@DF_HSL_FWB(1.1),Future well-being,I,USA,United States,14_3,Trust in government,PT_POP_Y_GE15,Percentage of population aged 15 years or over,_T,Total,_T,Total,_T,Total,HSL_14,Social capital,2006,,47.5637151722,,A,Normal value,0,Units,2,Two,,
DATAFLOW,OECD.WISE.WDP:DSD_HSL@DF_HSL_FWB(1.1),Future well-being,I,USA,United States,14_3,Trust in government,PT_POP_Y_GE15,Percentage of population aged 15 years or over,_T,Total,_T,Total,_T,Total,HSL_14,Social capital,2007,,47.5637151722,,A,Normal value,0,Units,2,Two,,
DATAFLOW,OECD.WISE.WDP:DSD_HSL@DF_HSL_FWB(1.1),Future well-being,I,USA,United States,14_3,Trust in government,PT_POP_Y_GE15,Percentage of population aged 15 years or over,_T,Total,_T,Total,_T,Total,HSL_14,Social capital,2008,,43.351457903,,A,Normal value,0,Units,2,Two,,
DATAFLOW,OECD.WISE.WDP:DSD_HSL@DF_HSL_FWB(1.1),Future well-being,I,USA,United States,14_3,Trust in government,PT_POP_Y_GE15,Percentage of population aged 15 years or over,_T,Total,_T,Total,_T,Total,HSL_14,Social capital,2009,,43.351457903,,A,Normal value,0,Units,2,Two,,
DATAFLOW,OECD.WISE.WDP:DSD_HSL@DF_HSL_FWB(1.1),Future well-being,I,USA,United States,14_3,Trust in government,PT_POP_Y_GE15,Percentage of population aged 15 years or over,_T,Total,_T,Total,_T,Total,HSL_14,Social capital,2010,,43.351457903,,A,Normal value,0,Units,2,Two,,
DATAFLOW,OECD.WISE.WDP:DSD_HSL@DF_HSL_FWB(1.1),Future well-being,I,USA,United States,14_3,Trust in government,PT_POP_Y_GE15,Percentage of population aged 15 years or over,_T,Total,_T,Total,_T,Total,HSL_14,Social capital,2011,,34.0011568195,,A,Normal value,0,Units,2,Two,,
DATAFLOW,OECD.WISE.WDP:DSD_HSL@DF_HSL_FWB(1.1),Future well-being,I,USA,United States,14_3,Trust in government,PT_POP_Y_GE15,Percentage of population aged 15 years or over,_T,Total,_T,Total,_T,Total,HSL_14,Social capital,2012,,34.0011568195,,A,Normal value,0,Units,2,Two,,
DATAFLOW,OECD.WISE.WDP:DSD_HSL@DF_HSL_FWB(1.1),Future well-being,I,USA,United States,14_3,Trust in government,PT_POP_Y_GE15,Percentage of population aged 15 years or over,_T,Total,_T,Total,_T,Total,HSL_14,Social capital,2013,,34.0011568195,,A,Normal value,0,Units,2,Two,,
DATAFLOW,OECD.WISE.WDP:DSD_HSL@DF_HSL_FWB(1.1),Future well-being,I,USA,United States,14_3,Trust in government,PT_POP_Y_GE15,Percentage of population aged 15 years or over,_T,Total,_T,Total,_T,Total,HSL_14,Social capital,2014,,33.0937774815,,A,Normal value,0,Units,2,Two,,
DATAFLOW,OECD.WISE.WDP:DSD_HSL@DF_HSL_FWB(1.1),Future well-being,I,USA,United States,14_3,Trust in government,PT_POP_Y_GE15,Percentage of population aged 15 years or over,_T,Total,_T,Total,_T,Total,HSL_14,Social capital,2015,,33.0937774815,,A,Normal value,0,Units,2,Two,,
DATAFLOW,OECD.WISE.WDP:DSD_HSL@DF_HSL_FWB(1.1),Future well-being,I,USA,United States,14_3,Trust in government,PT_POP_Y_GE15,Percentage of population aged 15 years or over,_T,Total,_T,Total,_T,Total,HSL_14,Social capital,2016,,33.0937774815,,A,Normal value,0,Units,2,Two,,
DATAFLOW,OECD.WISE.WDP:DSD_HSL@DF_HSL_FWB(1.1),Future well-being,I,USA,United States,14_3,Trust in government,PT_POP_Y_GE15,Percentage of population aged 15 years or over,_T,Total,_T,Total,_T,Total,HSL_14,Social capital,2017,,35.4375182025,,A,Normal value,0,Units,2,Two,,
DATAFLOW,OECD.WISE.WDP:DSD_HSL@DF_HSL_FWB(1.1),Future well-being,I,USA,United States,14_3,Trust in government,PT_POP_Y_GE15,Percentage of population aged 15 years or over,_T,Total,_T,Total,_T,Total,HSL_14,Social capital,2018,,35.4375182025,,A,Normal value,0,Units,2,Two,,
DATAFLOW,OECD.WISE.WDP:DSD_HSL@DF_HSL_FWB(1.1),Future well-being,I,USA,United States,14_3,Trust in government,PT_POP_Y_GE15,Percentage of population aged 15 years or over,_T,Total,_T,Total,_T,Total,HSL_14,Social capital,2019,,35.4375182025,,A,Normal value,0,Units,2,Two,,
DATAFLOW,OECD.WISE.WDP:DSD_HSL@DF_HSL_FWB(1.1),Future well-being,I,ARG,Argentina,14_3,Trust in government,PT_POP_Y_GE15,Percentage of population aged 15 years or over,_T,Total,_T,Total,_T,Total,HSL_14,Social capital,2006,,46.1663930948,,A,Normal value,0,Units,2,Two,,
DATAFLOW,OECD.WISE.WDP:DSD_HSL@DF_HSL_FWB(1.1),Future well-being,I,ARG,Argentina,14_3,Trust in government,PT_POP_Y_GE15,Percentage of population aged 15 years or over,_T,Total,_T,Total,_T,Total,HSL_14,Social capital,2007,,46.1663930948,,A,Normal value,0,Units,2,Two,,
DATAFLOW,OECD.WISE.WDP:DSD_HSL@DF_HSL_FWB(1.1),Future well-being,I,ARG,Argentina,14_3,Trust in government,PT_POP_Y_GE15,Percentage of population aged 15 years or over,_T,Total,_T,Total,_T,Total,HSL_14,Social capital,2008,,30.4016080317,,A,Normal value,0,Units,2,Two,,
DATAFLOW,OECD.WISE.WDP:DSD_HSL@DF_HSL_FWB(1.1),Future well-being,I,ARG,Argentina,14_3,Trust in government,PT_POP_Y_GE15,Percentage of population aged 15 years or over,_T,Total,_T,Total,_T,Total,HSL_14,Social capital,2009,,30.4016080317,,A,Normal value,0,Units,2,Two,,
DATAFLOW,OECD.WISE.WDP:DSD_HSL@DF_HSL_FWB(1.1),Future well-being,I,ARG,Argentina,14_3,Trust in government,PT_POP_Y_GE15,Percentage of population aged 15 years or over,_T,Total,_T,Total,_T,Total,HSL_14,Social capital,2010,,30.4016080317,,A,Normal value,0,Units,2,Two,,
DATAFLOW,OECD.WISE.WDP:DSD_HSL@DF_HSL_FWB(1.1),Future well-being,I,ARG,Argentina,14_3,Trust in government,PT_POP_Y_GE15,Percentage of population aged 15 years or over,_T,Total,_T,Total,_T,Total,HSL_14,Social capital,2011,,48.6514131922,,A,Normal value,0,Units,2,Two,,
DATAFLOW,OECD.WISE.WDP:DSD_HSL@DF_HSL_FWB(1.1),Future well-being,I,ARG,Argentina,14_3,Trust in government,PT_POP_Y_GE15,Percentage of population aged 15 years or over,_T,Total,_T,Total,_T,Total,HSL_14,Social capital,2012,,48.6514131922,,A,Normal value,0,Units,2,Two,,
DATAFLOW,OECD.WISE.WDP:DSD_HSL@DF_HSL_FWB(1.1),Future well-being,I,ARG,Argentina,14_3,Trust in government,PT_POP_Y_GE15,Percentage of population aged 15 years or over,_T,Total,_T,Total,_T,Total,HSL_14,Social capital,2013,,48.6514131922,,A,Normal value,0,Units,2,Two,,
DATAFLOW,OECD.WISE.WDP:DSD_HSL@DF_HSL_FWB(1.1),Future well-being,I,ARG,Argentina,14_3,Trust in government,PT_POP_Y_GE15,Percentage of population aged 15 years or over,_T,Total,_T,Total,_T,Total,HSL_14,Social capital,2014,,40.22308357,,A,Normal value,0,Units,2,Two,,
DATAFLOW,OECD.WISE.WDP:DSD_HSL@DF_HSL_FWB(1.1),Future well-being,I,ARG,Argentina,14_3,Trust in government,PT_POP_Y_GE15,Percentage of population aged 15 years or over,_T,Total,_T,Total,_T,Total,HSL_14,Social capital,2015,,40.22308357,,A,Normal value,0,Units,2,Two,,
DATAFLOW,OECD.WISE.WDP:DSD_HSL@DF_HSL_FWB(1.1),Future well-being,I,ARG,Argentina,14_3,Trust in government,PT_POP_Y_GE15,Percentage of population aged 15 years or over,_T,Total,_T,Total,_T,Total,HSL_14,Social capital,2016,,40.22308357,,A,Normal value,0,Units,2,Two,,
DATAFLOW,OECD.WISE.WDP:DSD_HSL@DF_HSL_FWB(1.1),Future well-being,I,ARG,Argentina,14_3,Trust in government,PT_POP_Y_GE15,Percentage of population aged 15 years or over,_T,Total,_T,Total,_T,Total,HSL_14,Social capital,2017,,28.0211846184,,A,Normal value,0,Units,2,Two,,
DATAFLOW,OECD.WISE.WDP:DSD_HSL@DF_HSL_FWB(1.1),Future well-being,I,ARG,Argentina,14_3,Trust in government,PT_POP_Y_GE15,Percentage of population aged 15 years or over,_T,Total,_T,Total,_T,Total,HSL_14,Social capital,2018,,28.0211846184,,A,Normal value,0,Units,2,Two,,
DATAFLOW,OECD.WISE.WDP:DSD_HSL@DF_HSL_FWB(1.1),Future well-being,I,ARG,Argentina,14_3,Trust in government,PT_POP_Y_GE15,Percentage of population aged 15 years or over,_T,Total,_T,Total,_T,Total,HSL_14,Social capital,2019,,28.0211846184,,A,Normal value,0,Units,2,Two,,
DATAFLOW,OECD.WISE.WDP:DSD_HSL@DF_HSL_FWB(1.1),Future well-being,I,CHL,Chile,14_3,Trust in government,PT_POP_Y_GE15,Percentage of population aged 15 years or over,_T,Total,_T,Total,_T,Total,HSL_14,Social capital,2020,,23.028345911,,A,Normal value,0,Units,2,Two,,
DATAFLOW,OECD.WISE.WDP:DSD_HSL@DF_HSL_FWB(1.1),Future well-being,I,CHL,Chile,14_3,Trust in government,PT_POP_Y_GE15,Percentage of population aged 15 years or over,_T,Total,_T,Total,_T,Total,HSL_14,Social capital,2021,,23.028345911,,A,Normal value,0,Units,2,Two,,
DATAFLOW,OECD.WISE.WDP:DSD_HSL@DF_HSL_FWB(1.1),Future well-being,I,CHL,Chile,14_3,Trust in government,PT_POP_Y_GE15,Percentage of population aged 15 years or over,_T,Total,_T,Total,_T,Total,HSL_14,Social capital,2022,,23.028345911,,A,Normal value,0,Units,2,Two,,
DATAFLOW,OECD.WISE.WDP:DSD_HSL@DF_HSL_FWB(1.1),Future well-being,I,CHL,Chile,14_3,Trust in government,PT_POP_Y_GE15,Percentage of population aged 15 years or over,_T,Total,_T,Total,_T,Total,HSL_14,Social capital,2023,,33.492944175,,A,Normal value,0,Units,2,Two,,
DATAFLOW,OECD.WISE.WDP:DSD_HSL@DF_HSL_FWB(1.1),Future well-being,I,CHL,Chile,14_3,Trust in government,PT_POP_Y_GE15,Percentage of population aged 15 years or over,_T,Total,_T,Total,_T,Total,HSL_14,Social capital,2024,,33.492944175,,A,Normal value,0,Units,2,Two,,
DATAFLOW,OECD.WISE.WDP:DSD_HSL@DF_HSL_FWB(1.1),Future well-being,I,CHL,Chile,14_3,Trust in government,PT_POP_Y_GE15,Percentage of population aged 15 years or over,_T,Total,_T,Total,_T,Total,HSL_14,Social capital,2025,,33.492944175,,A,Normal value,0,Units,2,Two,,
DATAFLOW,OECD.WISE.WDP:DSD_HSL@DF_HSL_FWB(1.1),Future well-being,I,DNK,Denmark,14_3,Trust in government,PT_POP_Y_GE15,Percentage of population aged 15 years or over,_T,Total,_T,Total,_T,Total,HSL_14,Social capital,2020,,66.7622410406,,A,Normal value,0,Units,2,Two,,
DATAFLOW,OECD.WISE.WDP:DSD_HSL@DF_HSL_FWB(1.1),Future well-being,I,DNK,Denmark,14_3,Trust in government,PT_POP_Y_GE15,Percentage of population aged 15 years or over,_T,Total,_T,Total,_T,Total,HSL_14,Social capital,2021,,66.7622410406,,A,Normal value,0,Units,2,Two,,
DATAFLOW,OECD.WISE.WDP:DSD_HSL@DF_HSL_FWB(1.1),Future well-being,I,DNK,Denmark,14_3,Trust in government,PT_POP_Y_GE15,Percentage of population aged 15 years or over,_T,Total,_T,Total,_T,Total,HSL_14,Social capital,2022,,66.7622410406,,A,Normal value,0,Units,2,Two,,
DATAFLOW,OECD.WISE.WDP:DSD_HSL@DF_HSL_FWB(1.1),Future well-being,I,DNK,Denmark,14_3,Trust in government,PT_POP_Y_GE15,Percentage of population aged 15 years or over,_T,Total,_T,Total,_T,Total,HSL_14,Social capital,2023,,55.5886790832,,A,Normal value,0,Units,2,Two,,
DATAFLOW,OECD.WISE.WDP:DSD_HSL@DF_HSL_FWB(1.1),Future well-being,I,DNK,Denmark,14_3,Trust in government,PT_POP_Y_GE15,Percentage of population aged 15 years or over,_T,Total,_T,Total,_T,Total,HSL_14,Social capital,2024,,55.5886790832,,A,Normal value,0,Units,2,Two,,
DATAFLOW,OECD.WISE.WDP:DSD_HSL@DF_HSL_FWB(1.1),Future well-being,I,DNK,Denmark,14_3,Trust in government,PT_POP_Y_GE15,Percentage of population aged 15 years or over,_T,Total,_T,Total,_T,Total,HSL_14,Social capital,2025,,55.5886790832,,A,Normal value,0,Units,2,Two,,
DATAFLOW,OECD.WISE.WDP:DSD_HSL@DF_HSL_FWB(1.1),Future well-being,I,FIN,Finland,14_3,Trust in government,PT_POP_Y_GE15,Percentage of population aged 15 years or over,_T,Total,_T,Total,_T,Total,HSL_14,Social capital,2007,,75.7926285586,,A,Normal value,0,Units,2,Two,,
DATAFLOW,OECD.WISE.WDP:DSD_HSL@DF_HSL_FWB(1.1),Future well-being,I,FIN,Finland,14_3,Trust in government,PT_POP_Y_GE15,Percentage of population aged 15 years or over,_T,Total,_T,Total,_T,Total,HSL_14,Social capital,2009,,59.2543537364,,A,Normal value,0,Units,2,Two,,
DATAFLOW,OECD.WISE.WDP:DSD_HSL@DF_HSL_FWB(1.1),Future well-being,I,FIN,Finland,14_3,Trust in government,PT_POP_Y_GE15,Percentage of population aged 15 years or over,_T,Total,_T,Total,_T,Total,HSL_14,Social capital,2020,,76.5938015122,,A,Normal value,0,Units,2,Two,,
DATAFLOW,OECD.WISE.WDP:DSD_HSL@DF_HSL_FWB(1.1),Future well-being,I,FIN,Finland,14_3,Trust in government,PT_POP_Y_GE15,Percentage of population aged 15 years or over,_T,Total,_T,Total,_T,Total,HSL_14,Social capital,2021,,76.5938015122,,A,Normal value,0,Units,2,Two,,
DATAFLOW,OECD.WISE.WDP:DSD_HSL@DF_HSL_FWB(1.1),Future well-being,I,FIN,Finland,14_3,Trust in government,PT_POP_Y_GE15,Percentage of population aged 15 years or over,_T,Total,_T,Total,_T,Total,HSL_14,Social capital,2022,,76.5938015122,,A,Normal value,0,Units,2,Two,,
DATAFLOW,OECD.WISE.WDP:DSD_HSL@DF_HSL_FWB(1.1),Future well-being,I,FIN,Finland,14_3,Trust in government,PT_POP_Y_GE15,Percentage of population aged 15 years or over,_T,Total,_T,Total,_T,Total,HSL_14,Social capital,2023,,69.2673486377,,A,Normal value,0,Units,2,Two,,
DATAFLOW,OECD.WISE.WDP:DSD_HSL@DF_HSL_FWB(1.1),Future well-being,I,FIN,Finland,14_3,Trust in government,PT_POP_Y_GE15,Percentage of population aged 15 years or over,_T,Total,_T,Total,_T,Total,HSL_14,Social capital,2024,,69.2673486377,,A,Normal value,0,Units,2,Two,,
DATAFLOW,OECD.WISE.WDP:DSD_HSL@DF_HSL_FWB(1.1),Future well-being,I,FIN,Finland,14_3,Trust in government,PT_POP_Y_GE15,Percentage of population aged 15 years or over,_T,Total,_T,Total,_T,Total,HSL_14,Social capital,2025,,69.2673486377,,A,Normal value,0,Units,2,Two,,
DATAFLOW,OECD.WISE.WDP:DSD_HSL@DF_HSL_FWB(1.1),Future well-being,I,NOR,Norway,14_3,Trust in government,PT_POP_Y_GE15,Percentage of population aged 15 years or over,_T,Total,_T,Total,_T,Total,HSL_14,Social capital,2007,,68.2717221465,,A,Normal value,0,Units,2,Two,,
DATAFLOW,OECD.WISE.WDP:DSD_HSL@DF_HSL_FWB(1.1),Future well-being,I,NOR,Norway,14_3,Trust in government,PT_POP_Y_GE15,Percentage of population aged 15 years or over,_T,Total,_T,Total,_T,Total,HSL_14,Social capital,2009,,54.0760006445,,A,Normal value,0,Units,2,Two,,
DATAFLOW,OECD.WISE.WDP:DSD_HSL@DF_HSL_FWB(1.1),Future well-being,I,NOR,Norway,14_3,Trust in government,PT_POP_Y_GE15,Percentage of population aged 15 years or over,_T,Total,_T,Total,_T,Total,HSL_14,Social capital,2010,,54.0760006445,,A,Normal value,0,Units,2,Two,,
DATAFLOW,OECD.WISE.WDP:DSD_HSL@DF_HSL_FWB(1.1),Future well-being,I,NOR,Norway,14_3,Trust in government,PT_POP_Y_GE15,Percentage of population aged 15 years or over,_T,Total,_T,Total,_T,Total,HSL_14,Social capital,2011,,66.3340505245,,A,Normal value,0,Units,2,Two,,
DATAFLOW,OECD.WISE.WDP:DSD_HSL@DF_HSL_FWB(1.1),Future well-being,I,NOR,Norway,14_3,Trust in government,PT_POP_Y_GE15,Percentage of population aged 15 years or over,_T,Total,_T,Total,_T,Total,HSL_14,Social capital,2013,,66.3340505245,,A,Normal value,0,Units,2,Two,,
DATAFLOW,OECD.WISE.WDP:DSD_HSL@DF_HSL_FWB(1.1),Future well-being,I,NOR,Norway,14_3,Trust in government,PT_POP_Y_GE15,Percentage of population aged 15 years or over,_T,Total,_T,Total,_T,Total,HSL_14,Social capital,2020,,74.6278360207,,A,Normal value,0,Units,2,Two,,
DATAFLOW,OECD.WISE.WDP:DSD_HSL@DF_HSL_FWB(1.1),Future well-being,I,NOR,Norway,14_3,Trust in government,PT_POP_Y_GE15,Percentage of population aged 15 years or over,_T,Total,_T,Total,_T,Total,HSL_14,Social capital,2021,,74.6278360207,,A,Normal value,0,Units,2,Two,,
DATAFLOW,OECD.WISE.WDP:DSD_HSL@DF_HSL_FWB(1.1),Future well-being,I,NOR,Norway,14_3,Trust in government,PT_POP_Y_GE15,Percentage of population aged 15 years or over,_T,Total,_T,Total,_T,Total,HSL_14,Social capital,2022,,74.6278360207,,A,Normal value,0,Units,2,Two,,
DATAFLOW,OECD.WISE.WDP:DSD_HSL@DF_HSL_FWB(1.1),Future well-being,I,NOR,Norway,14_3,Trust in government,PT_POP_Y_GE15,Percentage of population aged 15 years or over,_T,Total,_T,Total,_T,Total,HSL_14,Social capital,2023,,59.6206974576,,A,Normal value,0,Units,2,Two,,
DATAFLOW,OECD.WISE.WDP:DSD_HSL@DF_HSL_FWB(1.1),Future well-being,I,NOR,Norway,14_3,Trust in government,PT_POP_Y_GE15,Percentage of population aged 15 years or over,_T,Total,_T,Total,_T,Total,HSL_14,Social capital,2024,,59.6206974576,,A,Normal value,0,Units,2,Two,,
DATAFLOW,OECD.WISE.WDP:DSD_HSL@DF_HSL_FWB(1.1),Future well-being,I,NOR,Norway,14_3,Trust in government,PT_POP_Y_GE15,Percentage of population aged 15 years or over,_T,Total,_T,Total,_T,Total,HSL_14,Social capital,2025,,59.6206974576,,A,Normal value,0,Units,2,Two,,
DATAFLOW,OECD.WISE.WDP:DSD_HSL@DF_HSL_FWB(1.1),Future well-being,I,USA,United States,14_3,Trust in government,PT_POP_Y_GE15,Percentage of population aged 15 years or over,_T,Total,_T,Total,_T,Total,HSL_14,Social capital,2020,,39.3261288709,,A,Normal value,0,Units,2,Two,,
DATAFLOW,OECD.WISE.WDP:DSD_HSL@DF_HSL_FWB(1.1),Future well-being,I,USA,United States,14_3,Trust in government,PT_POP_Y_GE15,Percentage of population aged 15 years or over,_T,Total,_T,Total,_T,Total,HSL_14,Social capital,2021,,39.3261288709,,A,Normal value,0,Units,2,Two,,
DATAFLOW,OECD.WISE.WDP:DSD_HSL@DF_HSL_FWB(1.1),Future well-being,I,USA,United States,14_3,Trust in government,PT_POP_Y_GE15,Percentage of population aged 15 years or over,_T,Total,_T,Total,_T,Total,HSL_14,Social capital,2022,,39.3261288709,,A,Normal value,0,Units,2,Two,,
DATAFLOW,OECD.WISE.WDP:DSD_HSL@DF_HSL_FWB(1.1),Future well-being,I,USA,United States,14_3,Trust in government,PT_POP_Y_GE15,Percentage of population aged 15 years or over,_T,Total,_T,Total,_T,Total,HSL_14,Social capital,2023,,29.4378672098,,A,Normal value,0,Units,2,Two,,
DATAFLOW,OECD.WISE.WDP:DSD_HSL@DF_HSL_FWB(1.1),Future well-being,I,USA,United States,14_3,Trust in government,PT_POP_Y_GE15,Percentage of population aged 15 years or over,_T,Total,_T,Total,_T,Total,HSL_14,Social capital,2024,,29.4378672098,,A,Normal value,0,Units,2,Two,,
DATAFLOW,OECD.WISE.WDP:DSD_HSL@DF_HSL_FWB(1.1),Future well-being,I,USA,United States,14_3,Trust in government,PT_POP_Y_GE15,Percentage of population aged 15 years or over,_T,Total,_T,Total,_T,Total,HSL_14,Social capital,2025,,29.4378672098,,A,Normal value,0,Units,2,Two,,
DATAFLOW,OECD.WISE.WDP:DSD_HSL@DF_HSL_FWB(1.1),Future well-being,I,ARG,Argentina,14_3,Trust in government,PT_POP_Y_GE15,Percentage of population aged 15 years or over,_T,Total,_T,Total,_T,Total,HSL_14,Social capital,2020,,34.642676545,,A,Normal value,0,Units,2,Two,,
DATAFLOW,OECD.WISE.WDP:DSD_HSL@DF_HSL_FWB(1.1),Future well-being,I,ARG,Argentina,14_3,Trust in government,PT_POP_Y_GE15,Percentage of population aged 15 years or over,_T,Total,_T,Total,_T,Total,HSL_14,Social capital,2021,,34.642676545,,A,Normal value,0,Units,2,Two,,
DATAFLOW,OECD.WISE.WDP:DSD_HSL@DF_HSL_FWB(1.1),Future well-being,I,ARG,Argentina,14_3,Trust in government,PT_POP_Y_GE15,Percentage of population aged 15 years or over,_T,Total,_T,Total,_T,Total,HSL_14,Social capital,2022,,34.642676545,,A,Normal value,0,Units,2,Two,,
DATAFLOW,OECD.WISE.WDP:DSD_HSL@DF_HSL_FWB(1.1),Future well-being,I,ARG,Argentina,14_3,Trust in government,PT_POP_Y_GE15,Percentage of population aged 15 years or over,_T,Total,_T,Total,_T,Total,HSL_14,Social capital,2023,,33.6726578459,,A,Normal value,0,Units,2,Two,,
DATAFLOW,OECD.WISE.WDP:DSD_HSL@DF_HSL_FWB(1.1),Future well-being,I,ARG,Argentina,14_3,Trust in government,PT_POP_Y_GE15,Percentage of population aged 15 years or over,_T,Total,_T,Total,_T,Total,HSL_14,Social capital,2024,,33.6726578459,,A,Normal value,0,Units,2,Two,,
DATAFLOW,OECD.WISE.WDP:DSD_HSL@DF_HSL_FWB(1.1),Future well-being,I,ARG,Argentina,14_3,Trust in government,PT_POP_Y_GE15,Percentage of population aged 15 years or over,_T,Total,_T,Total,_T,Total,HSL_14,Social capital,2025,,33.6726578459,,A,Normal value,0,Units,2,Two,,
